{
  "training_date": "2025-12-11T02:31:59.139013",
  "model_type": "RandomForest + XGBoost Ensemble",
  "rf_n_estimators": 400,
  "rf_max_depth": 15,
  "xgboost_available": true,
  "sentence_bert_enabled": true,
  "num_features": 13,
  "metrics": {
    "accuracy": 0.608,
    "f1_score": 0.6070647773279352,
    "classification_report": {
      "High": {
        "precision": 0.5510204081632653,
        "recall": 0.6053811659192825,
        "f1-score": 0.5769230769230769,
        "support": 223.0
      },
      "Low": {
        "precision": 0.7552447552447552,
        "recall": 0.7448275862068966,
        "f1-score": 0.75,
        "support": 290.0
      },
      "Medium": {
        "precision": 0.4794520547945205,
        "recall": 0.4430379746835443,
        "f1-score": 0.4605263157894737,
        "support": 237.0
      },
      "accuracy": 0.608,
      "macro avg": {
        "precision": 0.5952390727341803,
        "recall": 0.5977489089365744,
        "f1-score": 0.5958164642375169,
        "support": 750.0
      },
      "weighted avg": {
        "precision": 0.6073715560369181,
        "recall": 0.608,
        "f1-score": 0.6070647773279352,
        "support": 750.0
      }
    }
  },
  "feature_order": [
    "skill_overlap_count",
    "skill_overlap_ratio",
    "jaccard_similarity",
    "profile_skill_count",
    "job_skill_count",
    "experience_delta",
    "experience_match",
    "overqualified",
    "underqualified",
    "experience_ratio",
    "tfidf_similarity",
    "seniority_match",
    "bert_similarity"
  ],
  "feature_importance": {
    "skill_overlap_count": 0.006544836767610554,
    "skill_overlap_ratio": 0.0429173226146874,
    "jaccard_similarity": 0.07060704307890724,
    "profile_skill_count": 0.10135288356107992,
    "job_skill_count": 0.11855063510349347,
    "experience_delta": 0.2780204267367974,
    "experience_match": 0.027609317864278532,
    "overqualified": 0.0026354435981665912,
    "underqualified": 0.02540643802244545,
    "experience_ratio": 0.2412387245261528,
    "tfidf_similarity": 0.0,
    "seniority_match": 0.08511692812638072,
    "bert_similarity": 0.0
  },
  "label_mapping": {
    "0": "High",
    "1": "Low",
    "2": "Medium"
  },
  "critical_fixes": [
    "TF-IDF fitted on entire corpus (fixes 0% importance)",
    "Skill importance weighting (3x for critical, 2x for important)",
    "Sentence-BERT semantic similarity added as 13th feature"
  ]
}